{"cameraMode":{"drawMode":0,"name":"Shaded","section":"Shading Mode"},"sceneLighting":true,"audioPlay":false,"sceneViewState":{"m_AlwaysRefresh":false,"showFog":true,"showSkybox":true,"showFlares":true,"showImageEffects":true,"showParticleSystems":true,"showVisualEffectGraphs":true,"m_FxEnabled":true},"in2DMode":false,"pivot":{"x":12.45779037475586,"y":0.32362857460975649,"z":3.8404994010925295},"rotation":{"x":0.10062962025403977,"y":-0.01759352535009384,"z":0.0017723562195897103,"w":0.9948185086250305},"size":1.2157175540924073,"orthographic":false}