{"cameraMode":{"drawMode":0,"name":"Shaded","section":"Shading Mode"},"sceneLighting":true,"audioPlay":false,"sceneViewState":{"m_AlwaysRefresh":false,"showFog":true,"showSkybox":true,"showFlares":true,"showImageEffects":true,"showParticleSystems":true,"showVisualEffectGraphs":true,"m_FxEnabled":true},"in2DMode":false,"pivot":{"x":5.57559871673584,"y":-0.22372318804264069,"z":58.44959259033203},"rotation":{"x":0.13919182121753694,"y":0.8249828219413757,"z":-0.23126311600208283,"w":0.4965396523475647},"size":1.8991389274597169,"orthographic":false}