{"cameraMode":{"drawMode":0,"name":"Shaded","section":"Shading Mode"},"sceneLighting":true,"audioPlay":false,"sceneViewState":{"m_AlwaysRefresh":false,"showFog":true,"showSkybox":true,"showFlares":true,"showImageEffects":true,"showParticleSystems":true,"showVisualEffectGraphs":true,"m_FxEnabled":true},"in2DMode":false,"pivot":{"x":-0.19427090883255006,"y":2.238149642944336,"z":0.9461574554443359},"rotation":{"x":-0.05129261314868927,"y":-0.7519335746765137,"z":0.05907731503248215,"w":-0.6546984910964966},"size":1.8113787174224854,"orthographic":false}