{"cameraMode":{"drawMode":0,"name":"Shaded","section":"Shading Mode"},"sceneLighting":true,"audioPlay":false,"sceneViewState":{"m_AlwaysRefresh":false,"showFog":true,"showSkybox":true,"showFlares":true,"showImageEffects":true,"showParticleSystems":true,"showVisualEffectGraphs":true,"m_FxEnabled":true},"in2DMode":false,"pivot":{"x":18.9382381439209,"y":0.60906982421875,"z":4.128177642822266},"rotation":{"x":0.10062962025403977,"y":-0.01759352535009384,"z":0.0017723562195897103,"w":0.9948185086250305},"size":3.4105989933013918,"orthographic":false}