{"cameraMode":{"drawMode":0,"name":"Shaded","section":"Shading Mode"},"sceneLighting":true,"audioPlay":false,"sceneViewState":{"m_AlwaysRefresh":false,"showFog":true,"showSkybox":true,"showFlares":true,"showImageEffects":true,"showParticleSystems":true,"showVisualEffectGraphs":true,"m_FxEnabled":true},"in2DMode":false,"pivot":{"x":7.3870978355407719,"y":1.0076003074645997,"z":-1.061488389968872},"rotation":{"x":0.13427995145320893,"y":-0.5984505414962769,"z":0.10260877758264542,"w":0.783143162727356},"size":3.1931116580963136,"orthographic":false}