{"cameraMode":{"drawMode":0,"name":"Shaded","section":"Shading Mode"},"sceneLighting":true,"audioPlay":false,"sceneViewState":{"m_AlwaysRefresh":false,"showFog":true,"showSkybox":true,"showFlares":true,"showImageEffects":true,"showParticleSystems":true,"showVisualEffectGraphs":true,"m_FxEnabled":true},"in2DMode":false,"pivot":{"x":11.019094467163086,"y":0.6052708625793457,"z":9.219319343566895},"rotation":{"x":0.3271733224391937,"y":-0.08887334913015366,"z":0.030723633244633676,"w":0.9403449892997742},"size":4.86104679107666,"orthographic":false}